<?xml version="1.0" encoding="UTF-8"?>
<!DOCTYPE mapper PUBLIC "-//mybatis.org//DTD Mapper 3.0//EN" "http://mybatis.org/dtd/mybatis-3-mapper.dtd">
<mapper namespace="user.player.common.RecipeMapper">

<resultMap type="user.player.common.dto.RecipeDTO"
		id="RecipeResultMap">
		<id property="no" column="RECIPE_NO" />
		<result property="name" column="RECIPE_NAME" />
		<result property="recipeprice" column="RECIPE_PRICE" />
		<result property="foodprice" column="FOOD_PRICE" />
		<result property="exp" column="FOOD_EXP" />
		
		
		
	</resultMap>



<select id="selectAllrecipe" resultMap="recipeesultMap" >

	SELECT
		   A.RECIPE_NO
		 , A.RECIPE_NAME
		 , A.RECIPE_PRICE
		 , A.FOOD_PRICE
		 , A.FOOD_EXP
	  FROM RECIPE	
	  
</select>




</mapper>