<?xml version="1.0" encoding="UTF-8" standalone="no"?>
<!DOCTYPE properties SYSTEM "http://java.sun.com/dtd/properties.dtd">
<properties>
	<entry key="insertMember"> 
		INSERT 
		  INTO TBL_MEMBER A
		(
		  A.MEMBER_NO
		, A.MEMBER_ID
		, A.MEMBER_PWD
		, A.MEMBER_NAME
		, A.GENDER
		, A.EMAIL
		, A.PHONE
		, A.ADDRESS
		, A.AGE
		, A.ENROLL_DATE
		)
		VALUES
		(
		  SEQ_MEMBER_NO.NEXTVAL
		, ?
		, ?
		, ?
		, ?
		, ?
		, ?
		, ?
		, ?
		, SYSDATE
		)
	</entry>
	<entry key = "selectMemberList">
		SELECT
		       A.MEMBER_NO
			 , A.MEMBER_ID
			 , A.MEMBER_PWD
			 , A.MEMBER_NAME
			 , A.GENDER
			 , A.EMAIL
			 , A.PHONE
			 , A.ADDRESS
			 , A.AGE
			 , A.ENROLL_DATE
		  FROM TBL_MEMBER A	
	</entry>
	<entry key = "inputMemberId">
		SELECT
		   	   A.*
		  FROM TBL_MEMBER A	
		 WHERE A.MEMBER_ID like ? 
	</entry>
	<entry key="selectMemberByGender">
		SELECT
			   *
		  FROM TBL_MEMBER
		 WHERE GENDER = ?
	</entry>
	<entry key="modifyPwd">
		UPDATE
			   TBL_MEMBER
		   SET MEMBER_PWD = ?
		 WHERE MEMBER_ID = ?
	</entry>
	<entry key="modifyEmail">
		UPDATE
			   TBL_MEMBER
		   SET EMAIL = ?
		 WHERE MEMBER_ID = ?
	</entry>
	
	<entry key="modifyPhone">
		UPDATE
			   TBL_MEMBER
		   SET PHONE = ?
		 WHERE MEMBER_ID = ?
	</entry>
	
	<entry key="modifyAddress">
		UPDATE
			   TBL_MEMBER
		   SET ADDRESS = ?
		 WHERE MEMBER_ID = ?
	</entry>
	
	<entry key="deleteMember">	
	DELETE 
	  FROM TBL_MEMBER 
	 WHERE MEMBER_ID = ?
	</entry>
</properties>
