<?xml version="1.0" encoding="UTF-8"?>
<!DOCTYPE mapper PUBLIC "-//mybatis.org//DTD Mapper 3.0//EN" "http://mybatis.org/dtd/mybatis-3-mapper.dtd">
<mapper namespace="user.player.section01.remix.MenuMapper">
	
	<resultMap type="user.player.section01.remix.PlayerDTO" id="menuResultMap">
		<id property="code" column="PLAYER_CODE"/>
		<result property="name" column="PLAYER_NAME"/>
		<result property="price" column="PLAYER_ID"/>
		<result property="pass" column="PLAYER_PASS"/>
		<result property="email" column="PLAYER_EMAIL"/>
		<result property="gold" column="PLAYER_PASS"/>
		<result property="exp" column="PLAYER_EXP"/>
		<result property="orderableStatus" column="ORDERABLE_STATUS"/>
	</resultMap>
	
	<select id="signup" resultMap="menuResultMap">
        SELECT /* com.greedy.section03.remix.MenuMapper#selectAllMenu() */
               A.MENU_CODE
             , A.MENU_NAME
             , A.MENU_PRICE
             , A.CATEGORY_CODE
             , A.ORDERABLE_STATUS
          FROM TBL_MENU A
         WHERE A.ORDERABLE_STATUS = 'Y'
         ORDER BY A.MENU_CODE
	</select>
	
	<select id="selectMenuByCode" parameterType="_int" resultMap="menuResultMap">
        SELECT
               A.MENU_CODE
             , A.MENU_NAME
             , A.MENU_PRICE
             , A.CATEGORY_CODE
             , A.ORDERABLE_STATUS
          FROM TBL_MENU A
         WHERE A.ORDERABLE_STATUS = 'Y'
           AND A.MENU_CODE = #{ code }
	</select>
	
	<insert id="insertMenu" parameterType="com.greedy.section03.remix.MenuDTO">
        INSERT
          INTO TBL_MENU A
        (
          A.MENU_CODE
        , A.MENU_NAME
        , A.MENU_PRICE
        , A.CATEGORY_CODE
        , A.ORDERABLE_STATUS
        )
        VALUES
        (
          SEQ_MENU_CODE.NEXTVAL
        , #{ name }
        , #{ price }
        , #{ categoryCode }
        , 'Y'
        )
	</insert>
</mapper>