<?xml version="1.0" encoding="UTF-8"?>
<!DOCTYPE mapper PUBLIC "-//mybatis.org//DTD Mapper 3.0//EN" "http://mybatis.org/dtd/mybatis-3-mapper.dtd">
<mapper namespace="user.player.common.SignMapper">

	<resultMap type="user.player.common.dto.PlayerDTO"
		id="playerResultMap">
		<id property="name" column="PLAYER_NAME" />
		<result property="id" column="PLAYER_ID" />
		<result property="pass" column="PLAYER_PASS" />
		<result property="email" column="PLAYER_EMAIL" />
		<result property="gold" column="PLAYER_GOLD" />
		<result property="exp" column="PLAYER_EXP" />
	</resultMap>

	<insert id="insertNewPlayer" parameterType="user.player.common.dto.PlayerDTO">
		INSERT
		  INTO PLAYER
		(
		  PLAYER_NAME
		, PLAYER_ID
		, PLAYER_PASS
		, PLAYER_EMAIL
		, PLAYER_GOLD
		, PLAYER_EXP
		)
		VALUES
		(
		  #{name}
		, #{id}
		, #{pass}
		, #{email}
		, DEFAULT
		, DEFAULT
		)
	</insert>
	
	<select id="selectPwdByIdAndEmail" parameterType = "hashmap" resultMap="playerResultMap">
		SELECT
			   A.PLAYER_NAME
			 , A.PLAYER_ID
			 , A.PLAYER_PASS
			 , A.PLAYER_EMAIL
			 , A.PLAYER_GOLD
			 , A.PLAYER_EXP
		  FROM PLAYER A
		 WHERE A.PLAYER_NAME = #{id}
		AND A.PLAYER_EMAIL = #{email}
	</select>



</mapper>