<?xml version="1.0" encoding="UTF-8"?>
<!DOCTYPE configuration PUBLIC "-//mybatis.org//DTD Config 3.0//EN" "http://mybatis.org/dtd/mybatis-3-config.dtd" >
<configuration>
	<properties resource="connection-info.properties" />

	<typeAliases>
		<typeAlias type="user.player.common.dto.PlayerDTO" alias="PlayerDTO" />
		<typeAlias type="user.player.common.dto.IngreDTO" alias="IngreDTO" />
		<typeAlias type="user.player.common.dto.RecipeDTO" alias="RecipeDTO" />
		<typeAlias type="user.player.common.dto.PlayerRecipeDTO" alias="PlayerRecipeDTO" />
		<typeAlias type="user.player.common.dto.RecipeIngreDTO" alias="RecipeIngreDTO" />
		<typeAlias type="user.player.common.dto.PlayerStoreDTO" alias="PlayerStoreDTO" />
		<typeAlias type="user.player.common.dto.StorageDTO" alias="StorageDTO" />
		<typeAlias type="user.player.common.dto.StoreDTO" alias="StoreDTO" />
	</typeAliases>

	<environments default="dev">
		<environment id="dev">
			<transactionManager type="JDBC" />
			<dataSource type="POOLED">
				<property name="driver" value="${driver}" />
				<property name="url" value="${url}" />
				<property name="username" value="${username}" />
				<property name="password" value="${password}" />
			</dataSource>
		</environment>
	</environments>
	<mappers>
		<package name="user.player.common" />
	</mappers>
</configuration>