<?xml version="1.0" encoding="UTF-8"?>
<!DOCTYPE mapper PUBLIC "-//mybatis.org//DTD Mapper 3.0//EN" "http://mybatis.org/dtd/mybatis-3-mapper.dtd">
<mapper namespace="user.player.common.RecipeStorageIngreMapper">

	<resultMap type="RecipeStorageIngreDTO" id="RecipeStorageIngreResultMap" >
		<id property="no" column="RECIPE_NO" />
		<result property="no" column="INGRE_NO" />
		<result property="name" column="INGRE_NAME" />
		<result property="img" column="INGRE_IMG" />
	</resultMap>



	<select id="findRecipeStorageIngre" resultMap="RecipeStorageIngreResultMap" >

		SELECT
			   RECIPE_NO
		     , INGRE_NO
		     , INGRE_NAME
		     , INGRE_IMG
		  FROM RECIPE
		     , INGRE
		 WHERE RECIPE_NO = INGRE_NO;

	</select>




</mapper>