<?xml version="1.0" encoding="UTF-8"?>
<!DOCTYPE mapper PUBLIC "-//mybatis.org//DTD Mapper 3.0//EN" "http://mybatis.org/dtd/mybatis-3-mapper.dtd">
<mapper namespace="user.player.common.PlayerMapper">

	<resultMap type="PlayerDTO"
		id="playerResultMap">
		<id property="name" column="PLAYER_NAME" />
		<result property="id" column="PLAYER_ID" />
		<result property="pass" column="PLAYER_PASS" />
		<result property="email" column="PLAYER_EMAIL" />
		<result property="gold" column="PLAYER_GOLD" />
		<result property="exp" column="PLAYER_EXP" />
	</resultMap>

	<insert id="insertNewPlayer" parameterType="PlayerDTO">
		INSERT
		  INTO PLAYER
		(
		  PLAYER_NAME
		, PLAYER_ID
		, PLAYER_PASS
		, PLAYER_EMAIL
		, PLAYER_GOLD
		, PLAYER_EXP
		)
		VALUES
		(
		  #{name}
		, #{id}
		, #{pass}
		, #{email}
		, DEFAULT
		, DEFAULT
		)
	</insert>
	
	<select id="selectPlayer" parameterType = "hashmap" resultMap="playerResultMap">
		SELECT
			   A.PLAYER_NAME
			 , A.PLAYER_ID
			 , A.PLAYER_PASS
			 , A.PLAYER_EMAIL
			 , A.PLAYER_GOLD
			 , A.PLAYER_EXP
		  FROM PLAYER A
		  <trim prefix="WHERE" prefixOverrides="AND|OR">
		  <if test="id != null">
		  		A.PLAYER_ID=#{id}
		  </if>		  
		  <if test="pass != null">
		  	AND	A.PLAYER_PASS=#{pass}
		  </if>
		  <if test="email != null">
		  	AND	A.PLAYER_EMAIL=#{email}
		  </if>
		  <if test="name != null">
		  	AND	A.PLAYER_NAME=#{name}
		  </if>		  
		  </trim>
	</select>

	<select id="selectAllplayer" resultMap="playerResultMap" >

		SELECT
			   A.PLAYER_NAME
			 , A.PLAYER_ID
			 , A.PLAYER_EXP
			 , A.PLAYER_GOLD
	 	 FROM PLAYER A
	</select>



</mapper>